size,block_x,block_y,avg_time_ms
200,8,8,0.192141
200,16,16,0.212394
200,32,32,0.37527
400,8,8,1.00711
400,16,16,0.994224
400,32,32,1.12642
800,8,8,7.89364
800,16,16,6.21651
800,32,32,4.48821
1200,8,8,18.3135
1200,16,16,16.6786
1200,32,32,15.1962
1600,8,8,44.8129
1600,16,16,37.7302
1600,32,32,34.7662
2000,8,8,89.9747
2000,16,16,72.5912
2000,32,32,69.0706
